MLA Name,Age,Constituency,Gender,Party,Membership,Education,Start of term,End of Term,Attendance,Attendance -State average,No. of Questions Asked,Question -State Average,Number Of Debates,Debate State Average,Note,Term,State,Image
Dharmendra Bhav Singh Lodhi,47,Jabera,Male,Bharatiya Janata Party,Elected,Post Graduate,2023-12-03,In Office,,,,,,,"This MLA has been a Minister from 25 Dec 2023. Ministers represent the government in debates, so we do not report their participation while they are in office. They do not sign the attendance register, ask questions, or introduce private member bills. Data corresponds to the period from 03-12-2023 to 06-08-2025. ",16,Madhya Pradesh,Dharmendra Bhav Singh Lodhi.jpg
Govind Singh Rajput,64,Surkhi,Male,Bharatiya Janata Party,Elected,Post Graduate,2023-12-03,In Office,,,,,,,"This MLA has been a Minister from 25 Dec 2023. Ministers represent the government in debates, so we do not report their participation while they are in office. They do not sign the attendance register, ask questions, or introduce private member bills. Data corresponds to the period from 03-12-2023 to 06-08-2025. ",16,Madhya Pradesh,Govind Singh Rajput.jpg
Inder Singh Parmar,61,Shujalpur,Male,Bharatiya Janata Party,Elected,Graduate,2023-12-03,In Office,,,,,,,"This MLA has been a Minister from 25 Dec 2023. Ministers represent the government in debates, so we do not report their participation while they are in office. They do not sign the attendance register, ask questions, or introduce private member bills. Data corresponds to the period from 03-12-2023 to 06-08-2025. ",16,Madhya Pradesh,Inder Singh Parmar.jpg
Karan Singh Verma,68,Ichhawar,Male,Bharatiya Janata Party,Elected,Inter/ Higher Secondary,2023-12-03,In Office,,,,,,,"This MLA has been a Minister from 25 Dec 2023. Ministers represent the government in debates, so we do not report their participation while they are in office. They do not sign the attendance register, ask questions, or introduce private member bills. Data corresponds to the period from 03-12-2023 to 06-08-2025. ",16,Madhya Pradesh,Karan Singh Verma.jpg
Krishna Gaur,57,Govindpura,Female,Bharatiya Janata Party,Elected,Post Graduate,2023-12-03,In Office,,,,,,,"This MLA has been a Minister from 25 Dec 2023. Ministers represent the government in debates, so we do not report their participation while they are in office. They do not sign the attendance register, ask questions, or introduce private member bills. Data corresponds to the period from 03-12-2023 to 06-08-2025. ",16,Madhya Pradesh,Krishna Gaur.jpg
Kunwar Vijay Shah,63,Harsud,Male,Bharatiya Janata Party,Elected,Post Graduate,2023-12-03,In Office,,,,,,,"This MLA has been a Minister from 25 Dec 2023. Ministers represent the government in debates, so we do not report their participation while they are in office. They do not sign the attendance register, ask questions, or introduce private member bills. Data corresponds to the period from 03-12-2023 to 06-08-2025. ",16,Madhya Pradesh,Kunwar Vijay Shah.jpg
Ramniwas Rawat,Info Not Available,Vijaypur,Male,Indian National Congress,Elected,Post Graduate,2023-12-03,2024-04-30,,,20,7.126903553,,, Data corresponds to the period from 03-12-2023 to 06-08-2025. ,16,Madhya Pradesh,Ramniwas Rawat.jpg
Pradhuman Singh Tomar,57,Gwalior,Male,Bharatiya Janata Party,Elected,Inter/ Higher Secondary,2023-12-03,In Office,,,,,,,"This MLA has been a Minister from 25 Dec 2023. Ministers represent the government in debates, so we do not report their participation while they are in office. They do not sign the attendance register, ask questions, or introduce private member bills. Data corresponds to the period from 03-12-2023 to 06-08-2025. ",16,Madhya Pradesh,Pradhuman Singh Tomar.jpg
Mohan Yadav,60,Ujjain South,Male,Bharatiya Janata Party,Elected,Post Graduate,2023-12-03,In Office,,,,,,,"This MLA has been the Chief Minister from 13 Dec 2023. Ministers represent the government in debates, so we do not report their participation while they are in office. They do not sign the attendance register, ask questions, or introduce private member bills.  Data corresponds to the period from 03-12-2023 to 06-08-2025. ",16,Madhya Pradesh,Mohan Yadav.jpg
Umang Singhar,51,Gandhwani,Male,Indian National Congress,Elected,Graduate,2023-12-03,In Office,,,137,,,,"This MLA is the Leader of Opposition. We do not report their participation. They do not sign the attendance register, ask questions, or introduce private member bills. Data corresponds to the period from 03-12-2023 to 06-08-2025. ",16,Madhya Pradesh,Umang Singhar.jpg
Tulsiram Silawat,71,Sanwer,Male,Bharatiya Janata Party,Elected,Post Graduate,2023-12-03,In Office,,,,,,,"This MLA has been a Minister from 25 Dec 2023. Ministers represent the government in debates, so we do not report their participation while they are in office. They do not sign the attendance register, ask questions, or introduce private member bills. Data corresponds to the period from 03-12-2023 to 06-08-2025. ",16,Madhya Pradesh,Tulsiram Silawat.jpg
Vishvas Sarang,53,Narela,Male,Bharatiya Janata Party,Elected,Graduate,2023-12-03,In Office,,,,,,,"This MLA has been a Minister from 25 Dec 2023. Ministers represent the government in debates, so we do not report their participation while they are in office. They do not sign the attendance register, ask questions, or introduce private member bills. Data corresponds to the period from 03-12-2023 to 06-08-2025. ",16,Madhya Pradesh,Vishvas Sarang.jpg
Rajendra Shukla,61,Rewa,Male,Bharatiya Janata Party,Elected,Graduate,2023-12-03,In Office,,,,,,,"This MLA has been a Deputy Chief Minister from 13 Dec 2023. Ministers represent the government in debates, so we do not report their participation while they are in office. They do not sign the attendance register, ask questions, or introduce private member bills.  Data corresponds to the period from 03-12-2023 to 06-08-2025. ",16,Madhya Pradesh,Rajendra Shukla.jpg
Manisha Singh,43,Jaisinghnagar,Female,Bharatiya Janata Party,Elected,Post Graduate,2023-12-03,In Office,,,24,63.55368996,,, Data corresponds to the period from 03-12-2023 to 06-08-2025. ,16,Madhya Pradesh,Manisha Singh.jpg
Jhuma Dhyansingh Solanki,58,Bhikangaon,Female,Indian National Congress,Elected,Post Graduate,2023-12-03,In Office,,,75,63.55368996,,, Data corresponds to the period from 03-12-2023 to 06-08-2025. ,16,Madhya Pradesh,Jhuma Dhyansingh Solanki.jpg
Mahendra Hardia,72,Indore-5,Male,Bharatiya Janata Party,Elected,Post Graduate,2023-12-03,In Office,,,18,63.55368996,,, Data corresponds to the period from 03-12-2023 to 06-08-2025. ,16,Madhya Pradesh,Mahendra Hardia.jpg
Neena Vikram Verma,68,Dhar,Female,Bharatiya Janata Party,Elected,Inter/ Higher Secondary,2023-12-03,In Office,,,24,63.55368996,,, Data corresponds to the period from 03-12-2023 to 06-08-2025. ,16,Madhya Pradesh,Neena Vikram Verma.jpg
Aashish Govind Sharma,47,Khategaon,Male,Bharatiya Janata Party,Elected,Post Graduate,2023-12-03,In Office,,,53,63.55368996,,, Data corresponds to the period from 03-12-2023 to 06-08-2025. ,16,Madhya Pradesh,Aashish Govind Sharma.jpg
Mahesh Parmar,46,Tarana,Male,Indian National Congress,Elected,Post Graduate,2023-12-03,In Office,,,150,63.55368996,,, Data corresponds to the period from 03-12-2023 to 06-08-2025. ,16,Madhya Pradesh,Mahesh Parmar.jpg
Kedar Chidabhai Dawar,66,Bhagwanpura,Male,Indian National Congress,Elected,Graduate,2023-12-03,In Office,,,7,63.55368996,,, Data corresponds to the period from 03-12-2023 to 06-08-2025. ,16,Madhya Pradesh,Kedar Chidabhai Dawar.jpg
Omkar Singh Markam,49,Dindori,Male,Indian National Congress,Elected,Post Graduate,2023-12-03,In Office,,,76,63.55368996,,, Data corresponds to the period from 03-12-2023 to 06-08-2025. ,16,Madhya Pradesh,Omkar Singh Markam.jpg
Anil Jain,59,Niwari,Male,Bharatiya Janata Party,Elected,Inter/ Higher Secondary,2023-12-03,In Office,,,65,63.55368996,,, Data corresponds to the period from 03-12-2023 to 06-08-2025. ,16,Madhya Pradesh,Anil Jain.jpg
Bala Bachchan,61,Rajpur,Male,Indian National Congress,Elected,Graduate,2023-12-03,In Office,,,150,63.55368996,,, Data corresponds to the period from 03-12-2023 to 06-08-2025. ,16,Madhya Pradesh,Bala Bachchan.jpg
Kunwar Singh Tekam,62,Dhauhani,Male,Bharatiya Janata Party,Elected,Post Graduate,2023-12-03,In Office,,,55,63.55368996,,, Data corresponds to the period from 03-12-2023 to 06-08-2025. ,16,Madhya Pradesh,Kunwar Singh Tekam.jpg
Sanjay Uikey,57,Baihar,Male,Indian National Congress,Elected,Post Graduate,2023-12-03,In Office,,,94,63.55368996,,, Data corresponds to the period from 03-12-2023 to 06-08-2025. ,16,Madhya Pradesh,Sanjay Uikey.jpg
Phundelal Singh Marko,60,Pushprajgarh,Male,Indian National Congress,Elected,Post Graduate,2023-12-03,In Office,,,117,63.55368996,,, Data corresponds to the period from 03-12-2023 to 06-08-2025. ,16,Madhya Pradesh,Phundelal Singh Marko.jpg
Sharad Juglal Kol,35,Beohari,Male,Bharatiya Janata Party,Elected,Post Graduate,2023-12-03,In Office,,,84,63.55368996,,, Data corresponds to the period from 03-12-2023 to 06-08-2025. ,16,Madhya Pradesh,Sharad Juglal Kol.jpg
Arif Masood,53,Bhopal Madhya,Male,Indian National Congress,Elected,Post Graduate,2023-12-03,In Office,,,92,63.55368996,,, Data corresponds to the period from 03-12-2023 to 06-08-2025. ,16,Madhya Pradesh,Arif Masood.jpg
Hari Singh Sapre,60,Kurwai,Male,Bharatiya Janata Party,Elected,Graduate,2023-12-03,In Office,,,31,63.55368996,,, Data corresponds to the period from 03-12-2023 to 06-08-2025. ,16,Madhya Pradesh,Hari Singh Sapre.jpg
Narayan Patel,68,Mandhata,Male,Bharatiya Janata Party,Elected,Inter/ Higher Secondary,2023-12-03,In Office,,,10,63.55368996,,, Data corresponds to the period from 03-12-2023 to 06-08-2025. ,16,Madhya Pradesh,Narayan Patel.jpg
Narayan Singh Patta,53,Bichhiya,Male,Indian National Congress,Elected,Graduate,2023-12-03,In Office,,,145,63.55368996,,, Data corresponds to the period from 03-12-2023 to 06-08-2025. ,16,Madhya Pradesh,Narayan Singh Patta.jpg
Dilip Singh Parihar,67,Neemuch,Male,Bharatiya Janata Party,Elected,Post Graduate,2023-12-03,In Office,,,156,63.55368996,,, Data corresponds to the period from 03-12-2023 to 06-08-2025. ,16,Madhya Pradesh,Dilip Singh Parihar.jpg
Vishnu Khatri,53,Berasia,Male,Bharatiya Janata Party,Elected,Post Graduate,2023-12-03,In Office,,,24,63.55368996,,, Data corresponds to the period from 03-12-2023 to 06-08-2025. ,16,Madhya Pradesh,Vishnu Khatri.jpg
Vijay Revnath Chore,53,Saunsar,Male,Indian National Congress,Elected,Inter/ Higher Secondary,2023-12-03,In Office,,,84,63.55368996,,, Data corresponds to the period from 03-12-2023 to 06-08-2025. ,16,Madhya Pradesh,Vijay Revnath Chore.jpg
Yogesh Pandagre,48,Amla,Male,Bharatiya Janata Party,Elected,Post Graduate,2023-12-03,In Office,,,33,63.55368996,,, Data corresponds to the period from 03-12-2023 to 06-08-2025. ,16,Madhya Pradesh,Yogesh Pandagre.jpg
Sanjay Satyendra Pathak,55,Vijayraghavgarh,Male,Bharatiya Janata Party,Elected,Post Graduate,2023-12-03,In Office,,,49,63.55368996,,, Data corresponds to the period from 03-12-2023 to 06-08-2025. ,16,Madhya Pradesh,Sanjay Satyendra Pathak.jpg
Sudesh Rai,56,Sehore,Male,Bharatiya Janata Party,Elected,Graduate,2023-12-03,In Office,,,5,63.55368996,,, Data corresponds to the period from 03-12-2023 to 06-08-2025. ,16,Madhya Pradesh,Sudesh Rai.jpg
Gopal Bhargava,73,Rehli,Male,Bharatiya Janata Party,Elected,Post Graduate,2023-12-03,In Office,,,26,63.55368996,,, Data corresponds to the period from 03-12-2023 to 06-08-2025. ,16,Madhya Pradesh,Gopal Bhargava.jpg
Prahlad Lodhi,56,Pawai,Male,Bharatiya Janata Party,Elected,Inter/ Higher Secondary,2023-12-03,In Office,,,59,63.55368996,,, Data corresponds to the period from 03-12-2023 to 06-08-2025. ,16,Madhya Pradesh,Prahlad Lodhi.jpg
Pradeep Lariya,59,Naryoli,Male,Bharatiya Janata Party,Elected,Inter/ Higher Secondary,2023-12-03,In Office,,,135,63.55368996,,, Data corresponds to the period from 03-12-2023 to 06-08-2025. ,16,Madhya Pradesh,Pradeep Lariya.jpg
Jaivardhan Singh,39,Raghogarh,Male,Indian National Congress,Elected,Post Graduate,2023-12-03,In Office,,,151,63.55368996,,, Data corresponds to the period from 03-12-2023 to 06-08-2025. ,16,Madhya Pradesh,Jaivardhan Singh.jpg
Hiralal Alawa,43,Manawar,Male,Indian National Congress,Elected,Post Graduate,2023-12-03,In Office,,,152,63.55368996,,, Data corresponds to the period from 03-12-2023 to 06-08-2025. ,16,Madhya Pradesh,Hiralal Alawa.jpg
Pratap Grewal,58,Sardarpur,Male,Indian National Congress,Elected,Graduate,2023-12-03,In Office,,,158,63.55368996,,, Data corresponds to the period from 03-12-2023 to 06-08-2025. ,16,Madhya Pradesh,Pratap Grewal.jpg
Ajay Vishnoi,73,Patan,Male,Bharatiya Janata Party,Elected,Graduate,2023-12-03,In Office,,,26,63.55368996,,, Data corresponds to the period from 03-12-2023 to 06-08-2025. ,16,Madhya Pradesh,Ajay Vishnoi.jpg
Surendra Patwa,61,Bhojpur,Male,Bharatiya Janata Party,Elected,Post Graduate,2023-12-03,In Office,,,13,63.55368996,,, Data corresponds to the period from 03-12-2023 to 06-08-2025. ,16,Madhya Pradesh,Surendra Patwa.jpg
Nagendra Singh,82,Nagod,Male,Bharatiya Janata Party,Elected,Graduate,2023-12-03,In Office,,,50,63.55368996,,, Data corresponds to the period from 03-12-2023 to 06-08-2025. ,16,Madhya Pradesh,Nagendra Singh.jpg
Prabhuram Choudhary,67,Sanchi,Male,Bharatiya Janata Party,Elected,Graduate,2023-12-03,In Office,,,68,63.55368996,,, Data corresponds to the period from 03-12-2023 to 06-08-2025. ,16,Madhya Pradesh,Prabhuram Choudhary.jpg
Sunil Uikey,49,Junnardeo,Male,Indian National Congress,Elected,Graduate,2023-12-03,In Office,,,120,63.55368996,,, Data corresponds to the period from 03-12-2023 to 06-08-2025. ,16,Madhya Pradesh,Sunil Uikey.jpg
Rameshwar Sharma,55,Huzur,Male,Bharatiya Janata Party,Elected,Graduate,2023-12-03,In Office,,,10,63.55368996,,, Data corresponds to the period from 03-12-2023 to 06-08-2025. ,16,Madhya Pradesh,Rameshwar Sharma.jpg
Sohanlal Balmik,62,Parasia,Male,Indian National Congress,Elected,Inter/ Higher Secondary,2023-12-03,In Office,,,136,63.55368996,,, Data corresponds to the period from 03-12-2023 to 06-08-2025. ,16,Madhya Pradesh,Sohanlal Balmik.jpg
Vijaypal Singh,63,Sohagpur,Male,Bharatiya Janata Party,Elected,Post Graduate,2023-12-03,In Office,,,30,63.55368996,,, Data corresponds to the period from 03-12-2023 to 06-08-2025. ,16,Madhya Pradesh,Vijaypal Singh.jpg
Divyaraj Singh,40,Sirmour,Male,Bharatiya Janata Party,Elected,Post Graduate,2023-12-03,In Office,,,35,63.55368996,,, Data corresponds to the period from 03-12-2023 to 06-08-2025. ,16,Madhya Pradesh,Divyaraj Singh.jpg
Brijendra Pratap Singh,58,Panna,Male,Bharatiya Janata Party,Elected,Graduate,2023-12-03,In Office,,,132,63.55368996,,, Data corresponds to the period from 03-12-2023 to 06-08-2025. ,16,Madhya Pradesh,Brijendra Pratap Singh.jpg
Sachin Subhashchandra Yadav,43,Kasrawad,Male,Indian National Congress,Elected,Graduate,2023-12-03,In Office,,,114,63.55368996,,, Data corresponds to the period from 03-12-2023 to 06-08-2025. ,16,Madhya Pradesh,Sachin Subhashchandra Yadav.jpg
Pradeep Patel,56,Mauganj,Male,Bharatiya Janata Party,Elected,Graduate,2023-12-03,In Office,,,90,63.55368996,,, Data corresponds to the period from 03-12-2023 to 06-08-2025. ,16,Madhya Pradesh,Pradeep Patel.jpg
Sachin Birla,45,Badwaha,Male,Bharatiya Janata Party,Elected,Inter/ Higher Secondary,2023-12-03,In Office,,,22,63.55368996,,, Data corresponds to the period from 03-12-2023 to 06-08-2025. ,16,Madhya Pradesh,Sachin Birla.jpg
Gayatri Raje Puar,60,Dewas,Female,Bharatiya Janata Party,Elected,Graduate,2023-12-03,In Office,,,5,63.55368996,,, Data corresponds to the period from 03-12-2023 to 06-08-2025. ,16,Madhya Pradesh,Gayatri Raje Puar.jpg
Ashok Ishwardas Rohani,60,Jabalpur Cantt.,Male,Bharatiya Janata Party,Elected,Inter/ Higher Secondary,2023-12-03,In Office,,,42,63.55368996,,, Data corresponds to the period from 03-12-2023 to 06-08-2025. ,16,Madhya Pradesh,Ashok Ishwardas Rohani.jpg
Brajendra Singh Yadav,56,Mungaoli,Male,Bharatiya Janata Party,Elected,Inter/ Higher Secondary,2023-12-03,In Office,,,14,63.55368996,,, Data corresponds to the period from 03-12-2023 to 06-08-2025. ,16,Madhya Pradesh,Brajendra Singh Yadav.jpg
Umakant Sharma,61,Sironj,Male,Bharatiya Janata Party,Elected,Graduate,2023-12-03,In Office,,,139,63.55368996,,, Data corresponds to the period from 03-12-2023 to 06-08-2025. ,16,Madhya Pradesh,Umakant Sharma.jpg
Girish Gautam,72,Deotalab,Male,Bharatiya Janata Party,Elected,Graduate,2023-12-03,In Office,,,20,63.55368996,,, Data corresponds to the period from 03-12-2023 to 06-08-2025. ,16,Madhya Pradesh,Girish Gautam.jpg
Narendra Singh Tomar,Info Not Available,Dimani,Male,Bharatiya Janata Party,Elected,Graduate,2023-12-03,In Office,,,,,,,"This MLA has been the Speaker from 20 Dec 2023. We do not report the Speaker's participation while they are in office. They do not sign the attendance register, ask questions, or introduce private member bills. Data corresponds to the period from 03-12-2023 to 06-08-2025. ",16,Madhya Pradesh,Narendra Singh Tomar.jpg
Gautam Tetwal,Info Not Available,Sarangpur,Male,Bharatiya Janata Party,Elected,Graduate,2023-12-03,In Office,,,,,,,"This MLA has been a Minister from 25 Dec 2023. Ministers represent the government in debates, so we do not report their participation while they are in office. They do not sign the attendance register, ask questions, or introduce private member bills. Data corresponds to the period from 03-12-2023 to 06-08-2025. ",16,Madhya Pradesh,Gautam Tetwal.jpg
Narayan Singh Kushwaha,Info Not Available,Gwalior South,Male,Bharatiya Janata Party,Elected,Inter/ Higher Secondary,2023-12-03,In Office,,,,,,,"This MLA has been a Minister from 25 Dec 2023. Ministers represent the government in debates, so we do not report their participation while they are in office. They do not sign the attendance register, ask questions, or introduce private member bills. Data corresponds to the period from 03-12-2023 to 06-08-2025. ",16,Madhya Pradesh,Narayan Singh Kushwaha.jpg
Dileep Ahirwar,Info Not Available,Chandla,Male,Bharatiya Janata Party,Elected,Inter/ Higher Secondary,2023-12-03,In Office,,,,,,,"This MLA has been a Minister from 25 Dec 2023. Ministers represent the government in debates, so we do not report their participation while they are in office. They do not sign the attendance register, ask questions, or introduce private member bills. Data corresponds to the period from 03-12-2023 to 06-08-2025. ",16,Madhya Pradesh,Dileep Ahirwar.jpg
Aidal Singh Kansana,Info Not Available,Sumawali,Male,Bharatiya Janata Party,Elected,Inter/ Higher Secondary,2023-12-03,In Office,,,,,,,"This MLA has been a Minister from 25 Dec 2023. Ministers represent the government in debates, so we do not report their participation while they are in office. They do not sign the attendance register, ask questions, or introduce private member bills. Data corresponds to the period from 03-12-2023 to 06-08-2025. ",16,Madhya Pradesh,Aidal Singh Kansana.jpg
"Chetanya Kasyap ""Bhaiyyaji""",Info Not Available,Ratlam City,Male,Bharatiya Janata Party,Elected,Inter/ Higher Secondary,2023-12-03,In Office,,,,,,,"This MLA has been a Minister from 25 Dec 2023. Ministers represent the government in debates, so we do not report their participation while they are in office. They do not sign the attendance register, ask questions, or introduce private member bills. Data corresponds to the period from 03-12-2023 to 06-08-2025. ",16,Madhya Pradesh,"Chetanya Kasyap ""Bhaiyyaji"".jpg"
Nagar Singh Chouhan,Info Not Available,Alirajpur,Male,Bharatiya Janata Party,Elected,Graduate,2023-12-03,In Office,,,,,,,"This MLA has been a Minister from 25 Dec 2023. Ministers represent the government in debates, so we do not report their participation while they are in office. They do not sign the attendance register, ask questions, or introduce private member bills. Data corresponds to the period from 03-12-2023 to 06-08-2025. ",16,Madhya Pradesh,Nagar Singh Chouhan.jpg
Dilip Jaiswal,Info Not Available,Kotma,Male,Bharatiya Janata Party,Elected,Inter/ Higher Secondary,2023-12-03,In Office,,,,,,,"This MLA has been a Minister from 25 Dec 2023. Ministers represent the government in debates, so we do not report their participation while they are in office. They do not sign the attendance register, ask questions, or introduce private member bills. Data corresponds to the period from 03-12-2023 to 06-08-2025. ",16,Madhya Pradesh,Dilip Jaiswal.jpg
Kailash Vijayvargiya,Info Not Available,Indore-1,Male,Bharatiya Janata Party,Elected,Graduate,2023-12-03,In Office,,,,,,,"This MLA has been a Minister from 25 Dec 2023. Ministers represent the government in debates, so we do not report their participation while they are in office. They do not sign the attendance register, ask questions, or introduce private member bills. Data corresponds to the period from 03-12-2023 to 06-08-2025. ",16,Madhya Pradesh,Kailash Vijayvargiya.jpg
Lakhan Patel,Info Not Available,Pathariya,Male,Bharatiya Janata Party,Elected,Post Graduate,2023-12-03,In Office,,,,,,,"This MLA has been a Minister from 25 Dec 2023. Ministers represent the government in debates, so we do not report their participation while they are in office. They do not sign the attendance register, ask questions, or introduce private member bills. Data corresponds to the period from 03-12-2023 to 06-08-2025. ",16,Madhya Pradesh,Lakhan Patel.jpg
Narayan Singh Panwar,Info Not Available,Biaora,Male,Bharatiya Janata Party,Elected,Inter/ Higher Secondary,2023-12-03,In Office,,,,,,,"This MLA has been a Minister from 25 Dec 2023. Ministers represent the government in debates, so we do not report their participation while they are in office. They do not sign the attendance register, ask questions, or introduce private member bills. Data corresponds to the period from 03-12-2023 to 06-08-2025. ",16,Madhya Pradesh,Narayan Singh Panwar.jpg
Narendra Shivaji Patel,Info Not Available,Udaipura,Male,Bharatiya Janata Party,Elected,Graduate,2023-12-03,In Office,,,,,,,"This MLA has been a Minister from 25 Dec 2023. Ministers represent the government in debates, so we do not report their participation while they are in office. They do not sign the attendance register, ask questions, or introduce private member bills. Data corresponds to the period from 03-12-2023 to 06-08-2025. ",16,Madhya Pradesh,Narendra Shivaji Patel.jpg
Ghanshyam Chandravanshi,Info Not Available,Kalapipal,Male,Bharatiya Janata Party,Elected,Post Graduate,2023-12-03,In Office,,,41,63.55368996,,, Data corresponds to the period from 03-12-2023 to 06-08-2025. ,16,Madhya Pradesh,Ghanshyam Chandravanshi.jpg
Nirmala Dileepsingh Bhuria,Info Not Available,Petlawad,Female,Bharatiya Janata Party,Elected,Graduate,2023-12-03,In Office,,,,,,,"This MLA has been a Minister from 25 Dec 2023. Ministers represent the government in debates, so we do not report their participation while they are in office. They do not sign the attendance register, ask questions, or introduce private member bills. Data corresponds to the period from 03-12-2023 to 06-08-2025. ",16,Madhya Pradesh,Nirmala Dileepsingh Bhuria.jpg
Prahlad Singh Patel,Info Not Available,Narsingpur,Male,Bharatiya Janata Party,Elected,Graduate,2023-12-03,In Office,,,,,,,"This MLA has been a Minister from 25 Dec 2023. Ministers represent the government in debates, so we do not report their participation while they are in office. They do not sign the attendance register, ask questions, or introduce private member bills. Data corresponds to the period from 03-12-2023 to 06-08-2025. ",16,Madhya Pradesh,Prahlad Singh Patel.jpg
Pratima Bagri,Info Not Available,Raigaon,Female,Bharatiya Janata Party,Elected,Post Graduate,2023-12-03,In Office,,,,,,,"This MLA has been a Minister from 25 Dec 2023. Ministers represent the government in debates, so we do not report their participation while they are in office. They do not sign the attendance register, ask questions, or introduce private member bills. Data corresponds to the period from 03-12-2023 to 06-08-2025. ",16,Madhya Pradesh,Pratima Bagri.jpg
Radha Ravindra Singh,Info Not Available,Chitrangi,Female,Bharatiya Janata Party,Elected,Post Graduate,2023-12-03,In Office,,,,,,,"This MLA has been a Minister from 25 Dec 2023. Ministers represent the government in debates, so we do not report their participation while they are in office. They do not sign the attendance register, ask questions, or introduce private member bills. Data corresponds to the period from 03-12-2023 to 06-08-2025. ",16,Madhya Pradesh,Radha Ravindra Singh.jpg
Rakesh Shukla,Info Not Available,Mehgaon,Male,Bharatiya Janata Party,Elected,Graduate,2023-12-03,In Office,,,11,,,,"This MLA has been a Minister from 25 Dec 2023. Ministers represent the government in debates, so we do not report their participation while they are in office. They do not sign the attendance register, ask questions, or introduce private member bills. Data corresponds to the period from 03-12-2023 to 06-08-2025. ",16,Madhya Pradesh,Rakesh Shukla.jpg
Rakesh Singh,Info Not Available,Jabalpur West,Male,Bharatiya Janata Party,Elected,Graduate,2023-12-03,In Office,,,,,,,"This MLA has been a Minister from 25 Dec 2023. Ministers represent the government in debates, so we do not report their participation while they are in office. They do not sign the attendance register, ask questions, or introduce private member bills. Data corresponds to the period from 03-12-2023 to 06-08-2025. ",16,Madhya Pradesh,Rakesh Singh.jpg
Sampatiya Uikey,Info Not Available,Mandla,Female,Bharatiya Janata Party,Elected,Post Graduate,2023-12-03,In Office,,,,,,,"This MLA has been a Minister from 25 Dec 2023. Ministers represent the government in debates, so we do not report their participation while they are in office. They do not sign the attendance register, ask questions, or introduce private member bills. Data corresponds to the period from 03-12-2023 to 06-08-2025. ",16,Madhya Pradesh,Sampatiya Uikey.jpg
Uday Pratap Singh,Info Not Available,Gadarwara,Male,Bharatiya Janata Party,Elected,Graduate,2023-12-03,In Office,,,,,,,"This MLA has been a Minister from 25 Dec 2023. Ministers represent the government in debates, so we do not report their participation while they are in office. They do not sign the attendance register, ask questions, or introduce private member bills. Data corresponds to the period from 03-12-2023 to 06-08-2025. ",16,Madhya Pradesh,Uday Pratap Singh.jpg
Jagdish Devda,Info Not Available,Malhargarh,Male,Bharatiya Janata Party,Elected,Post Graduate,2023-12-03,In Office,,,,,,,"This MLA has been a Deputy Chief Minister from 13 Dec 2023. Ministers represent the government in debates, so we do not report their participation while they are in office. They do not sign the attendance register, ask questions, or introduce private member bills.  Data corresponds to the period from 03-12-2023 to 06-08-2025. ",16,Madhya Pradesh,Jagdish Devda.jpg
Sandeep Shriprasad Jaiswal,Info Not Available,Murwara,Male,Bharatiya Janata Party,Elected,Post Graduate,2023-12-03,In Office,,,32,63.55368996,,, Data corresponds to the period from 03-12-2023 to 06-08-2025. ,16,Madhya Pradesh,Sandeep Shriprasad Jaiswal.jpg
Keshav Desai,Info Not Available,Gohad,Male,Indian National Congress,Elected,Inter/ Higher Secondary,2023-12-03,In Office,,,98,63.55368996,,, Data corresponds to the period from 03-12-2023 to 06-08-2025. ,16,Madhya Pradesh,Keshav Desai.jpg
Manju Rajendra Dadu,Info Not Available,Nepanagar,Female,Bharatiya Janata Party,Elected,Graduate,2023-12-03,In Office,,,15,63.55368996,,, Data corresponds to the period from 03-12-2023 to 06-08-2025. ,16,Madhya Pradesh,Manju Rajendra Dadu.jpg
Narendra Singh Kushwah,Info Not Available,Bhind,Male,Bharatiya Janata Party,Elected,Inter/ Higher Secondary,2023-12-03,In Office,,,49,63.55368996,,, Data corresponds to the period from 03-12-2023 to 06-08-2025. ,16,Madhya Pradesh,Narendra Singh Kushwah.jpg
Hajarilal Dangi,Info Not Available,Khilchipur,Male,Bharatiya Janata Party,Elected,Inter/ Higher Secondary,2023-12-03,In Office,,,4,63.55368996,,, Data corresponds to the period from 03-12-2023 to 06-08-2025. ,16,Madhya Pradesh,Hajarilal Dangi.jpg
Madhu Bhau Bhagat,Info Not Available,Paraswada,Male,Indian National Congress,Elected,Inter/ Higher Secondary,2023-12-03,In Office,,,106,63.55368996,,, Data corresponds to the period from 03-12-2023 to 06-08-2025. ,16,Madhya Pradesh,Madhu Bhau Bhagat.jpg
Dabbu Siddharth Sukhlal Kushwaha,Info Not Available,Satna,Male,Indian National Congress,Elected,Graduate,2023-12-03,In Office,,,93,63.55368996,,, Data corresponds to the period from 03-12-2023 to 06-08-2025. ,16,Madhya Pradesh,Dabbu Siddharth Sukhlal Kushwaha.jpg
Phool Singh Baraiya,Info Not Available,Bhander,Male,Indian National Congress,Elected,Graduate,2023-12-03,In Office,,,100,63.55368996,,, Data corresponds to the period from 03-12-2023 to 06-08-2025. ,16,Madhya Pradesh,Phool Singh Baraiya.jpg
Mohan Sharma,Info Not Available,Narsinghgarh,Male,Bharatiya Janata Party,Elected,Graduate,2023-12-03,In Office,,,32,63.55368996,,, Data corresponds to the period from 03-12-2023 to 06-08-2025. ,16,Madhya Pradesh,Mohan Sharma.jpg
Tejbahadur Singh Chauhan,Info Not Available,Nagada-Khachrod,Male,Bharatiya Janata Party,Elected,Post Graduate,2023-12-03,In Office,,,87,63.55368996,,, Data corresponds to the period from 03-12-2023 to 06-08-2025. ,16,Madhya Pradesh,Tejbahadur Singh Chauhan.jpg
Vikrant Bhuria,Info Not Available,Jhabua,Male,Indian National Congress,Elected,Post Graduate,2023-12-03,In Office,,,114,63.55368996,,, Data corresponds to the period from 03-12-2023 to 06-08-2025. ,16,Madhya Pradesh,Vikrant Bhuria.jpg
Chintamani Malviya,Info Not Available,Alot,Male,Bharatiya Janata Party,Elected,Post Graduate,2023-12-03,In Office,,,61,63.55368996,,, Data corresponds to the period from 03-12-2023 to 06-08-2025. ,16,Madhya Pradesh,Chintamani Malviya.jpg
Kalusingh Thakur,Info Not Available,Dharampuri,Male,Bharatiya Janata Party,Elected,Inter/ Higher Secondary,2023-12-03,In Office,,,122,63.55368996,,, Data corresponds to the period from 03-12-2023 to 06-08-2025. ,16,Madhya Pradesh,Kalusingh Thakur.jpg
Ramakant Bhargava,Info Not Available,Budhni,Male,Bharatiya Janata Party,Elected,Inter/ Higher Secondary,2024-11-13,In Office,,,1,35.88832487,,, Data corresponds to the period from 03-12-2023 to 06-08-2025. ,16,Madhya Pradesh,Ramakant Bhargava.jpg
Umadevi Lalchand Khatik,Info Not Available,Hatta,Female,Bharatiya Janata Party,Elected,Inter/ Higher Secondary,2023-12-03,In Office,,,17,63.55368996,,, Data corresponds to the period from 03-12-2023 to 06-08-2025. ,16,Madhya Pradesh,Umadevi Lalchand Khatik.jpg
Chandar Singh Sisodiya,Info Not Available,Garoth,Male,Bharatiya Janata Party,Elected,Graduate,2023-12-03,In Office,,,85,63.55368996,,, Data corresponds to the period from 03-12-2023 to 06-08-2025. ,16,Madhya Pradesh,Chandar Singh Sisodiya.jpg
Engineer Narendra Prajapati,Info Not Available,Mangawan,Male,Bharatiya Janata Party,Elected,Graduate,2023-12-03,In Office,,,7,63.55368996,,, Data corresponds to the period from 03-12-2023 to 06-08-2025. ,16,Madhya Pradesh,Engineer Narendra Prajapati.jpg
Lalita Yadav,Info Not Available,Chhatarpur,Female,Bharatiya Janata Party,Elected,Graduate,2023-12-03,In Office,,,52,63.55368996,,, Data corresponds to the period from 03-12-2023 to 06-08-2025. ,16,Madhya Pradesh,Lalita Yadav.jpg
Khatik Harishankar,Info Not Available,Jatara,Male,Bharatiya Janata Party,Elected,Inter/ Higher Secondary,2023-12-03,In Office,,,141,63.55368996,,, Data corresponds to the period from 03-12-2023 to 06-08-2025. ,16,Madhya Pradesh,Khatik Harishankar.jpg
Panna Lal Shakya,Info Not Available,Guna,Male,Bharatiya Janata Party,Elected,Graduate,2023-12-03,In Office,,,28,63.55368996,,, Data corresponds to the period from 03-12-2023 to 06-08-2025. ,16,Madhya Pradesh,Panna Lal Shakya.jpg
Atif Arif Aqueel,Info Not Available,Bhopal Uttar,Male,Indian National Congress,Elected,Graduate,2023-12-03,In Office,,,151,63.55368996,,, Data corresponds to the period from 03-12-2023 to 06-08-2025. ,16,Madhya Pradesh,Atif Arif Aqueel.jpg
Chandrashekhar Deshmukh,Info Not Available,Multai,Male,Bharatiya Janata Party,Elected,Graduate,2023-12-03,In Office,,,45,63.55368996,,, Data corresponds to the period from 03-12-2023 to 06-08-2025. ,16,Madhya Pradesh,Chandrashekhar Deshmukh.jpg
Veersingh Bhuriya,Info Not Available,Thandla,Male,Indian National Congress,Elected,Inter/ Higher Secondary,2023-12-03,In Office,,,29,63.55368996,,, Data corresponds to the period from 03-12-2023 to 06-08-2025. ,16,Madhya Pradesh,Veersingh Bhuriya.jpg
Ajay Arjun Singh,Info Not Available,Churhat,Male,Indian National Congress,Elected,Post Graduate,2023-12-03,In Office,,,57,63.55368996,,, Data corresponds to the period from 03-12-2023 to 06-08-2025. ,16,Madhya Pradesh,Ajay Arjun Singh.jpg
Shivnarayan Gyan Singh (Lallu Bhaiya),Info Not Available,Bandhavgarh,Male,Bharatiya Janata Party,Elected,Graduate,2023-12-03,In Office,,,5,63.55368996,,, Data corresponds to the period from 03-12-2023 to 06-08-2025. ,16,Madhya Pradesh,Shivnarayan Gyan Singh (Lallu Bhaiya).jpg
Vivek Vicky Patel,Info Not Available,Waraseoni,Male,Indian National Congress,Elected,Post Graduate,2023-12-03,In Office,,,77,63.55368996,,, Data corresponds to the period from 03-12-2023 to 06-08-2025. ,16,Madhya Pradesh,Vivek Vicky Patel.jpg
Neelesh Pusaram Uikey,Info Not Available,Pandhurna,Male,Indian National Congress,Elected,Graduate,2023-12-03,In Office,,,63,63.55368996,,, Data corresponds to the period from 03-12-2023 to 06-08-2025. ,16,Madhya Pradesh,Neelesh Pusaram Uikey.jpg
Siddharth Tiwari 'Raj',Info Not Available,Teonthar,Male,Bharatiya Janata Party,Elected,Graduate,2023-12-03,In Office,,,12,63.55368996,,, Data corresponds to the period from 03-12-2023 to 06-08-2025. ,16,Madhya Pradesh,Siddharth Tiwari 'Raj'.jpg
Veerendra Singh Lodhi,Info Not Available,Banda,Male,Bharatiya Janata Party,Elected,Post Graduate,2023-12-03,In Office,,,67,63.55368996,,, Data corresponds to the period from 03-12-2023 to 06-08-2025. ,16,Madhya Pradesh,Veerendra Singh Lodhi.jpg
Anil Jain Kaluheda,Info Not Available,Ujjain North,Male,Bharatiya Janata Party,Elected,Post Graduate,2023-12-03,In Office,,,25,63.55368996,,, Data corresponds to the period from 03-12-2023 to 06-08-2025. ,16,Madhya Pradesh,Anil Jain Kaluheda.jpg
Sahab Singh Gurjar,Info Not Available,Gwalior Rural,Male,Indian National Congress,Elected,Graduate,2023-12-03,In Office,,,21,63.55368996,,, Data corresponds to the period from 03-12-2023 to 06-08-2025. ,16,Madhya Pradesh,Sahab Singh Gurjar.jpg
Khatik Ramesh Prasad,Info Not Available,Karera,Male,Bharatiya Janata Party,Elected,Inter/ Higher Secondary,2023-12-03,In Office,,,46,63.55368996,,, Data corresponds to the period from 03-12-2023 to 06-08-2025. ,16,Madhya Pradesh,Khatik Ramesh Prasad.jpg
Rajendra Meshram,Info Not Available,Devsar,Male,Bharatiya Janata Party,Elected,Inter/ Higher Secondary,2023-12-03,In Office,,,6,63.55368996,,, Data corresponds to the period from 03-12-2023 to 06-08-2025. ,16,Madhya Pradesh,Rajendra Meshram.jpg
Rajan Mandloi,Info Not Available,Badwani,Male,Indian National Congress,Elected,Post Graduate,2023-12-03,In Office,,,94,63.55368996,,, Data corresponds to the period from 03-12-2023 to 06-08-2025. ,16,Madhya Pradesh,Rajan Mandloi.jpg
Omprakash Dhurwey,Info Not Available,Shahpura,Male,Bharatiya Janata Party,Elected,Post Graduate,2023-12-03,In Office,,,33,63.55368996,,, Data corresponds to the period from 03-12-2023 to 06-08-2025. ,16,Madhya Pradesh,Omprakash Dhurwey.jpg
Kamakhya Pratap Singh (Teeka Raja),Info Not Available,Maharajpur,Male,Bharatiya Janata Party,Elected,Graduate,2023-12-03,In Office,,,47,63.55368996,,, Data corresponds to the period from 03-12-2023 to 06-08-2025. ,16,Madhya Pradesh,Kamakhya Pratap Singh (Teeka Raja).jpg
Neeraj Singh Thakur,Info Not Available,Bargi,Male,Bharatiya Janata Party,Elected,Post Graduate,2023-12-03,In Office,,,118,63.55368996,,, Data corresponds to the period from 03-12-2023 to 06-08-2025. ,16,Madhya Pradesh,Neeraj Singh Thakur.jpg
Sushil Kumar Tiwari (Indu Bhaiya),Info Not Available,Panagar,Male,Bharatiya Janata Party,Elected,Graduate,2023-12-03,In Office,,,100,63.55368996,,, Data corresponds to the period from 03-12-2023 to 06-08-2025. ,16,Madhya Pradesh,Sushil Kumar Tiwari (Indu Bhaiya).jpg
Madhav Singh (Madhu Gehlot),Info Not Available,Agar,Male,Bharatiya Janata Party,Elected,Inter/ Higher Secondary,2023-12-03,In Office,,,36,63.55368996,,, Data corresponds to the period from 03-12-2023 to 06-08-2025. ,16,Madhya Pradesh,Madhav Singh (Madhu Gehlot).jpg
Yogendra Singh Baba,Info Not Available,Lakhnadon,Male,Indian National Congress,Elected,Post Graduate,2023-12-03,In Office,,,100,63.55368996,,, Data corresponds to the period from 03-12-2023 to 06-08-2025. ,16,Madhya Pradesh,Yogendra Singh Baba.jpg
Chanda Surendra Singh Gour,Info Not Available,Khargapur,Female,Indian National Congress,Elected,Inter/ Higher Secondary,2023-12-03,In Office,,,120,63.55368996,,, Data corresponds to the period from 03-12-2023 to 06-08-2025. ,16,Madhya Pradesh,Chanda Surendra Singh Gour.jpg
Baghel Surendra Singh Honey,Info Not Available,Kukshi,Male,Indian National Congress,Elected,Graduate,2023-12-03,In Office,,,104,63.55368996,,, Data corresponds to the period from 03-12-2023 to 06-08-2025. ,16,Madhya Pradesh,Baghel Surendra Singh Honey.jpg
Kamleshwar Dodiyar,Info Not Available,Sailana,Male,Bharat Adivasi Party,Elected,Graduate,2023-12-03,In Office,,,136,63.55368996,,, Data corresponds to the period from 03-12-2023 to 06-08-2025. ,16,Madhya Pradesh,Kamleshwar Dodiyar.jpg
Hemant Satyadev Katare,Info Not Available,Ater,Male,Indian National Congress,Elected,Graduate,2023-12-03,In Office,,,152,63.55368996,,, Data corresponds to the period from 03-12-2023 to 06-08-2025. ,16,Madhya Pradesh,Hemant Satyadev Katare.jpg
Satish Malviya,Info Not Available,Ghatiya,Male,Bharatiya Janata Party,Elected,Graduate,2023-12-03,In Office,,,116,63.55368996,,, Data corresponds to the period from 03-12-2023 to 06-08-2025. ,16,Madhya Pradesh,Satish Malviya.jpg
Satish Sikarwar,Info Not Available,Gwalior East,Male,Indian National Congress,Elected,Post Graduate,2023-12-03,In Office,,,98,63.55368996,,, Data corresponds to the period from 03-12-2023 to 06-08-2025. ,16,Madhya Pradesh,Satish Sikarwar.jpg
Sena - Mahesh Patel,Info Not Available,Jobat,Female,Indian National Congress,Elected,Graduate,2023-12-03,In Office,,,59,63.55368996,,, Data corresponds to the period from 03-12-2023 to 06-08-2025. ,16,Madhya Pradesh,Sena - Mahesh Patel.jpg
Abhay Mishra,Info Not Available,Semariya,Male,Indian National Congress,Elected,Graduate,2023-12-03,In Office,,,137,63.55368996,,, Data corresponds to the period from 03-12-2023 to 06-08-2025. ,16,Madhya Pradesh,Abhay Mishra.jpg
Yadvendra Singh (Jaggu Bhaiya),Info Not Available,Tikamgarh,Male,Indian National Congress,Elected,Post Graduate,2023-12-03,In Office,,,130,63.55368996,,, Data corresponds to the period from 03-12-2023 to 06-08-2025. ,16,Madhya Pradesh,Yadvendra Singh (Jaggu Bhaiya).jpg
"Brijbihari Pateriya ""Gudda Bhaiya""",Info Not Available,Deori,Male,Bharatiya Janata Party,Elected,Inter/ Higher Secondary,2023-12-03,In Office,,,72,63.55368996,,, Data corresponds to the period from 03-12-2023 to 06-08-2025. ,16,Madhya Pradesh,"Brijbihari Pateriya ""Gudda Bhaiya"".jpg"
Arun Bhimawad,Info Not Available,Shajapur,Male,Bharatiya Janata Party,Elected,Post Graduate,2023-12-03,In Office,,,45,63.55368996,,, Data corresponds to the period from 03-12-2023 to 06-08-2025. ,16,Madhya Pradesh,Arun Bhimawad.jpg
Devendra Patel,Info Not Available,Silwani,Male,Indian National Congress,Elected,Inter/ Higher Secondary,2023-12-03,In Office,,,128,63.55368996,,, Data corresponds to the period from 03-12-2023 to 06-08-2025. ,16,Madhya Pradesh,Devendra Patel.jpg
Chainsingh Warkade,Info Not Available,Niwas,Male,Indian National Congress,Elected,Post Graduate,2023-12-03,In Office,,,45,63.55368996,,, Data corresponds to the period from 03-12-2023 to 06-08-2025. ,16,Madhya Pradesh,Chainsingh Warkade.jpg
Rajesh Kumar Verma,Info Not Available,Gunnaor,Male,Bharatiya Janata Party,Elected,Inter/ Higher Secondary,2023-12-03,In Office,,,91,63.55368996,,, Data corresponds to the period from 03-12-2023 to 06-08-2025. ,16,Madhya Pradesh,Rajesh Kumar Verma.jpg
Bharti Rajendra,Info Not Available,Datia,Male,Indian National Congress,Elected,Graduate,2023-12-03,In Office,,,144,63.55368996,,, Data corresponds to the period from 03-12-2023 to 06-08-2025. ,16,Madhya Pradesh,Bharti Rajendra.jpg
"Bhanwarsingh Shekhawat ""Babu Ji""",Info Not Available,Badnawar,Male,Indian National Congress,Elected,Post Graduate,2023-12-03,In Office,,,55,63.55368996,,, Data corresponds to the period from 03-12-2023 to 06-08-2025. ,16,Madhya Pradesh,"Bhanwarsingh Shekhawat ""Babu Ji"".jpg"
Preetam Lodhi,Info Not Available,Pichhore,Male,Bharatiya Janata Party,Elected,Inter/ Higher Secondary,2023-12-03,In Office,,,31,63.55368996,,, Data corresponds to the period from 03-12-2023 to 06-08-2025. ,16,Madhya Pradesh,Preetam Lodhi.jpg
Vikram Singh (Vicky),Info Not Available,Rampur-Baghelan,Male,Bharatiya Janata Party,Elected,Graduate,2023-12-03,In Office,,,6,63.55368996,,, Data corresponds to the period from 03-12-2023 to 06-08-2025. ,16,Madhya Pradesh,Vikram Singh (Vicky).jpg
Hemant Vijay Khandelwal,Info Not Available,Betul,Male,Bharatiya Janata Party,Elected,Graduate,2023-12-03,In Office,,,45,63.55368996,,, Data corresponds to the period from 03-12-2023 to 06-08-2025. ,16,Madhya Pradesh,Hemant Vijay Khandelwal.jpg
Bahin Ramsiya Bharti,Info Not Available,Malhara,Female,Indian National Congress,Elected,Inter/ Higher Secondary,2023-12-03,In Office,,,108,63.55368996,,, Data corresponds to the period from 03-12-2023 to 06-08-2025. ,16,Madhya Pradesh,Bahin Ramsiya Bharti.jpg
Devendra Ramnarayan Sakhwar,Info Not Available,Ambah,Male,Indian National Congress,Elected,Inter/ Higher Secondary,2023-12-03,In Office,,,127,63.55368996,,, Data corresponds to the period from 03-12-2023 to 06-08-2025. ,16,Madhya Pradesh,Devendra Ramnarayan Sakhwar.jpg
Sita Saran Sharma,Info Not Available,Hoshangabad,Male,Bharatiya Janata Party,Elected,Graduate,2023-12-03,In Office,,,106,63.55368996,,, Data corresponds to the period from 03-12-2023 to 06-08-2025. ,16,Madhya Pradesh,Sita Saran Sharma.jpg
Jagannath Singh Raghuwanshi,Info Not Available,Chanderi,Male,Bharatiya Janata Party,Elected,Post Graduate,2023-12-03,In Office,,,93,63.55368996,,, Data corresponds to the period from 03-12-2023 to 06-08-2025. ,16,Madhya Pradesh,Jagannath Singh Raghuwanshi.jpg
Dinesh Rai Munmun,Info Not Available,Seoni,Male,Bharatiya Janata Party,Elected,Post Graduate,2023-12-03,In Office,,,110,63.55368996,,, Data corresponds to the period from 03-12-2023 to 06-08-2025. ,16,Madhya Pradesh,Dinesh Rai Munmun.jpg
Mathura Lal Damar,Info Not Available,Ratlam Rural,Male,Bharatiya Janata Party,Elected,Inter/ Higher Secondary,2023-12-03,In Office,,,16,63.55368996,,, Data corresponds to the period from 03-12-2023 to 06-08-2025. ,16,Madhya Pradesh,Mathura Lal Damar.jpg
Dinesh Gurjar,Info Not Available,Morena,Male,Indian National Congress,Elected,Inter/ Higher Secondary,2023-12-03,In Office,,,120,63.55368996,,, Data corresponds to the period from 03-12-2023 to 06-08-2025. ,16,Madhya Pradesh,Dinesh Gurjar.jpg
Shyam Barde,Info Not Available,Pansemal,Male,Bharatiya Janata Party,Elected,Post Graduate,2023-12-03,In Office,,,5,63.55368996,,, Data corresponds to the period from 03-12-2023 to 06-08-2025. ,16,Madhya Pradesh,Shyam Barde.jpg
Vipin Jain,Info Not Available,Mandsour,Male,Indian National Congress,Elected,Inter/ Higher Secondary,2023-12-03,In Office,,,159,63.55368996,,, Data corresponds to the period from 03-12-2023 to 06-08-2025. ,16,Madhya Pradesh,Vipin Jain.jpg
"Bhairon Singh ""Bapu""",Info Not Available,Susner,Male,Indian National Congress,Elected,Inter/ Higher Secondary,2023-12-03,In Office,,,72,63.55368996,,, Data corresponds to the period from 03-12-2023 to 06-08-2025. ,16,Madhya Pradesh,"Bhairon Singh ""Bapu"".jpg"
Manoj Narayansingh Choudhari,Info Not Available,Hatpipliya,Male,Bharatiya Janata Party,Elected,Post Graduate,2023-12-03,In Office,,,32,63.55368996,,, Data corresponds to the period from 03-12-2023 to 06-08-2025. ,16,Madhya Pradesh,Manoj Narayansingh Choudhari.jpg
Mukesh Tandan,Info Not Available,Vidisha,Male,Bharatiya Janata Party,Elected,Inter/ Higher Secondary,2023-12-03,In Office,,,18,63.55368996,,, Data corresponds to the period from 03-12-2023 to 06-08-2025. ,16,Madhya Pradesh,Mukesh Tandan.jpg
Abhilash Pandey,Info Not Available,Jabalpur North,Male,Bharatiya Janata Party,Elected,Post Graduate,2023-12-03,In Office,,,119,63.55368996,,, Data corresponds to the period from 03-12-2023 to 06-08-2025. ,16,Madhya Pradesh,Abhilash Pandey.jpg
Aniruddha (Madhav) Maroo,Info Not Available,Manasa,Male,Bharatiya Janata Party,Elected,Post Graduate,2023-12-03,In Office,,,36,63.55368996,,, Data corresponds to the period from 03-12-2023 to 06-08-2025. ,16,Madhya Pradesh,Aniruddha (Madhav) Maroo.jpg
Dinesh Jain Boss,Info Not Available,Mahidpur,Male,Indian National Congress,Elected,Post Graduate,2023-12-03,In Office,,,131,63.55368996,,, Data corresponds to the period from 03-12-2023 to 06-08-2025. ,16,Madhya Pradesh,Dinesh Jain Boss.jpg
Amar Singh Yadav,Info Not Available,Rajgarh,Male,Bharatiya Janata Party,Elected,Inter/ Higher Secondary,2023-12-03,In Office,,,100,63.55368996,,, Data corresponds to the period from 03-12-2023 to 06-08-2025. ,16,Madhya Pradesh,Amar Singh Yadav.jpg
Bhoopendra Singh,Info Not Available,Khurai,Male,Bharatiya Janata Party,Elected,Graduate,2023-12-03,In Office,,,56,63.55368996,,, Data corresponds to the period from 03-12-2023 to 06-08-2025. ,16,Madhya Pradesh,Bhoopendra Singh.jpg
Premshankar Kunjilal Verma,Info Not Available,Seoni-Malwa,Male,Bharatiya Janata Party,Elected,Graduate,2023-12-03,In Office,,,64,63.55368996,,, Data corresponds to the period from 03-12-2023 to 06-08-2025. ,16,Madhya Pradesh,Premshankar Kunjilal Verma.jpg
Montu Solanki,Info Not Available,Sendhwa,Male,Indian National Congress,Elected,Inter/ Higher Secondary,2023-12-03,In Office,,,109,63.55368996,,, Data corresponds to the period from 03-12-2023 to 06-08-2025. ,16,Madhya Pradesh,Montu Solanki.jpg
Thakurdas Nagwanshi,Info Not Available,Pipariya,Male,Bharatiya Janata Party,Elected,Inter/ Higher Secondary,2023-12-03,In Office,,,45,63.55368996,,, Data corresponds to the period from 03-12-2023 to 06-08-2025. ,16,Madhya Pradesh,Thakurdas Nagwanshi.jpg
Pankaj Upadhyay,Info Not Available,Jaura,Male,Indian National Congress,Elected,Post Graduate,2023-12-03,In Office,,,146,63.55368996,,, Data corresponds to the period from 03-12-2023 to 06-08-2025. ,16,Madhya Pradesh,Pankaj Upadhyay.jpg
Rishi Agrawal,Info Not Available,Bamori,Male,Indian National Congress,Elected,Post Graduate,2023-12-03,In Office,,,25,63.55368996,,, Data corresponds to the period from 03-12-2023 to 06-08-2025. ,16,Madhya Pradesh,Rishi Agrawal.jpg
Ramkishore Dogne,Info Not Available,Harda,Male,Indian National Congress,Elected,Post Graduate,2023-12-03,In Office,,,104,63.55368996,,, Data corresponds to the period from 03-12-2023 to 06-08-2025. ,16,Madhya Pradesh,Ramkishore Dogne.jpg
Chaya More,Info Not Available,Pandhana,Female,Bharatiya Janata Party,Elected,Graduate,2023-12-03,In Office,,,19,63.55368996,,, Data corresponds to the period from 03-12-2023 to 06-08-2025. ,16,Madhya Pradesh,Chaya More.jpg
Shrikant Chaturvedi,Info Not Available,Maihar,Male,Bharatiya Janata Party,Elected,Inter/ Higher Secondary,2023-12-03,In Office,,,92,63.55368996,,, Data corresponds to the period from 03-12-2023 to 06-08-2025. ,16,Madhya Pradesh,Shrikant Chaturvedi.jpg
Rajkumar Karrahe,Info Not Available,Lanji,Male,Bharatiya Janata Party,Elected,Graduate,2023-12-03,In Office,,,8,63.55368996,,, Data corresponds to the period from 03-12-2023 to 06-08-2025. ,16,Madhya Pradesh,Rajkumar Karrahe.jpg
Nirmla Sapre,Info Not Available,Bina,Female,Indian National Congress,Elected,Post Graduate,2023-12-03,In Office,,,50,63.55368996,,, Data corresponds to the period from 03-12-2023 to 06-08-2025. ,16,Madhya Pradesh,Nirmla Sapre.jpg
"Rajendra Pandey ""Raju Bhaiya""",Info Not Available,Jaora,Male,Bharatiya Janata Party,Elected,Post Graduate,2023-12-03,In Office,,,157,63.55368996,,, Data corresponds to the period from 03-12-2023 to 06-08-2025. ,16,Madhya Pradesh,"Rajendra Pandey ""Raju Bhaiya"".jpg"
Devendra Kumar Jain 'Patte Wale',Info Not Available,Shivpuri,Male,Bharatiya Janata Party,Elected,Graduate,2023-12-03,In Office,,,60,63.55368996,,, Data corresponds to the period from 03-12-2023 to 06-08-2025. ,16,Madhya Pradesh,Devendra Kumar Jain 'Patte Wale'.jpg
Riti Pathak,Info Not Available,Sidhi,Female,Bharatiya Janata Party,Elected,Post Graduate,2023-12-03,In Office,,,55,63.55368996,,, Data corresponds to the period from 03-12-2023 to 06-08-2025. ,16,Madhya Pradesh,Riti Pathak.jpg
Pranay Prabhat Pandey (Guddu Bhaiya),Info Not Available,Bahoriband,Male,Bharatiya Janata Party,Elected,Post Graduate,2023-12-03,In Office,,,92,63.55368996,,, Data corresponds to the period from 03-12-2023 to 06-08-2025. ,16,Madhya Pradesh,Pranay Prabhat Pandey (Guddu Bhaiya).jpg
Suresh Raje,Info Not Available,Dabra,Male,Indian National Congress,Elected,Inter/ Higher Secondary,2023-12-03,In Office,,,119,63.55368996,,, Data corresponds to the period from 03-12-2023 to 06-08-2025. ,16,Madhya Pradesh,Suresh Raje.jpg
Shalendra Kumar Jain,Info Not Available,Sagar,Male,Bharatiya Janata Party,Elected,Graduate,2023-12-03,In Office,,,76,63.55368996,,, Data corresponds to the period from 03-12-2023 to 06-08-2025. ,16,Madhya Pradesh,Shalendra Kumar Jain.jpg
Rajesh Sonkar,Info Not Available,Sonkatch,Male,Bharatiya Janata Party,Elected,Post Graduate,2023-12-03,In Office,,,66,63.55368996,,, Data corresponds to the period from 03-12-2023 to 06-08-2025. ,16,Madhya Pradesh,Rajesh Sonkar.jpg
Rajendra Kumar Singh,Info Not Available,Amarpatan,Male,Indian National Congress,Elected,Post Graduate,2023-12-03,In Office,,,105,63.55368996,,, Data corresponds to the period from 03-12-2023 to 06-08-2025. ,16,Madhya Pradesh,Rajendra Kumar Singh.jpg
Mukesh Malhotra,Info Not Available,Vijaypur,Male,Indian National Congress,Elected,Post Graduate,2024-11-13,In Office,,,30,35.88832487,,, Data corresponds to the period from 03-12-2023 to 06-08-2025. ,16,Madhya Pradesh,Mukesh Malhotra.jpg
Dung Hardeepsingh,Info Not Available,Suwasra,Male,Bharatiya Janata Party,Elected,Post Graduate,2023-12-03,In Office,,,90,63.55368996,,, Data corresponds to the period from 03-12-2023 to 06-08-2025. ,16,Madhya Pradesh,Dung Hardeepsingh.jpg
Priyanka Penchi,Info Not Available,Chachoura,Female,Bharatiya Janata Party,Elected,Graduate,2023-12-03,In Office,,,61,63.55368996,,, Data corresponds to the period from 03-12-2023 to 06-08-2025. ,16,Madhya Pradesh,Priyanka Penchi.jpg
Pradeep Agrawal,Info Not Available,Sewda,Male,Bharatiya Janata Party,Elected,Graduate,2023-12-03,In Office,,,72,63.55368996,,, Data corresponds to the period from 03-12-2023 to 06-08-2025. ,16,Madhya Pradesh,Pradeep Agrawal.jpg
Santosh Varkade,Info Not Available,Sihora,Male,Bharatiya Janata Party,Elected,Post Graduate,2023-12-03,In Office,,,5,63.55368996,,, Data corresponds to the period from 03-12-2023 to 06-08-2025. ,16,Madhya Pradesh,Santosh Varkade.jpg
Ram Niwas Shah,Info Not Available,Singrauli,Male,Bharatiya Janata Party,Elected,Inter/ Higher Secondary,2023-12-03,In Office,,,11,63.55368996,,, Data corresponds to the period from 03-12-2023 to 06-08-2025. ,16,Madhya Pradesh,Ram Niwas Shah.jpg
Manoj Nirbhay Singh Patel,Info Not Available,Depalpur,Male,Bharatiya Janata Party,Elected,Inter/ Higher Secondary,2023-12-03,In Office,,,3,63.55368996,,, Data corresponds to the period from 03-12-2023 to 06-08-2025. ,16,Madhya Pradesh,Manoj Nirbhay Singh Patel.jpg
Golu Shukla Rakesh,Info Not Available,Indore-3,Male,Bharatiya Janata Party,Elected,Inter/ Higher Secondary,2023-12-03,In Office,,,22,63.55368996,,, Data corresponds to the period from 03-12-2023 to 06-08-2025. ,16,Madhya Pradesh,Golu Shukla Rakesh.jpg
Arvind Pateriya,Info Not Available,Rajnagar,Male,Bharatiya Janata Party,Elected,Graduate,2023-12-03,In Office,,,19,63.55368996,,, Data corresponds to the period from 03-12-2023 to 06-08-2025. ,16,Madhya Pradesh,Arvind Pateriya.jpg
Surendra Singh Gaharwar,Info Not Available,Chitrakoot,Male,Bharatiya Janata Party,Elected,Post Graduate,2023-12-03,In Office,,,63,63.55368996,,, Data corresponds to the period from 03-12-2023 to 06-08-2025. ,16,Madhya Pradesh,Surendra Singh Gaharwar.jpg
Abhijeet Shah (Ankit Baba),Info Not Available,Timarni,Male,Indian National Congress,Elected,Graduate,2023-12-03,In Office,,,118,63.55368996,,, Data corresponds to the period from 03-12-2023 to 06-08-2025. ,16,Madhya Pradesh,Abhijeet Shah (Ankit Baba).jpg
Nitendra Brajendra Singh Rathore,Info Not Available,Prithvipur,Male,Indian National Congress,Elected,Inter/ Higher Secondary,2023-12-03,In Office,,,55,63.55368996,,, Data corresponds to the period from 03-12-2023 to 06-08-2025. ,16,Madhya Pradesh,Nitendra Brajendra Singh Rathore.jpg
Mahendra Ramsingh Yadav Khatora,Info Not Available,Kolaras,Male,Bharatiya Janata Party,Elected,Inter/ Higher Secondary,2023-12-03,In Office,,,46,63.55368996,,, Data corresponds to the period from 03-12-2023 to 06-08-2025. ,16,Madhya Pradesh,Mahendra Ramsingh Yadav Khatora.jpg
Gopal Singh Engineer,Info Not Available,Ashta,Male,Bharatiya Janata Party,Elected,Graduate,2023-12-03,In Office,,,29,63.55368996,,, Data corresponds to the period from 03-12-2023 to 06-08-2025. ,16,Madhya Pradesh,Gopal Singh Engineer.jpg
"Vishwanath Singh ""Mulam Bhaiya""",Info Not Available,Tendukheda,Male,Bharatiya Janata Party,Elected,Graduate,2023-12-03,In Office,,,1,63.55368996,,, Data corresponds to the period from 03-12-2023 to 06-08-2025. ,16,Madhya Pradesh,"Vishwanath Singh ""Mulam Bhaiya"".jpg"
Anubha Munjare,Info Not Available,Balaghat,Female,Indian National Congress,Elected,Post Graduate,2023-12-03,In Office,,,118,63.55368996,,, Data corresponds to the period from 03-12-2023 to 06-08-2025. ,16,Madhya Pradesh,Anubha Munjare.jpg
Haribaboo Rai,Info Not Available,Ashok Nagar,Male,Indian National Congress,Elected,Graduate,2023-12-03,In Office,,,56,63.55368996,,, Data corresponds to the period from 03-12-2023 to 06-08-2025. ,16,Madhya Pradesh,Haribaboo Rai.jpg
Lakhan Ghanghoria,Info Not Available,Jabalpur East,Male,Indian National Congress,Elected,Graduate,2023-12-03,In Office,,,149,63.55368996,,, Data corresponds to the period from 03-12-2023 to 06-08-2025. ,16,Madhya Pradesh,Lakhan Ghanghoria.jpg
Archana Didi,Info Not Available,Burhanpur,Female,Bharatiya Janata Party,Elected,Post Graduate,2023-12-03,In Office,,,22,63.55368996,,, Data corresponds to the period from 03-12-2023 to 06-08-2025. ,16,Madhya Pradesh,Archana Didi.jpg
Dhirendra Bahadur Singh Dhiru,Info Not Available,Barwara,Male,Bharatiya Janata Party,Elected,Post Graduate,2023-12-03,In Office,,,68,63.55368996,,, Data corresponds to the period from 03-12-2023 to 06-08-2025. ,16,Madhya Pradesh,Dhirendra Bahadur Singh Dhiru.jpg
Bisahu Lal Singh,Info Not Available,Anuppur,Male,Bharatiya Janata Party,Elected,Graduate,2023-12-03,In Office,,,96,63.55368996,,, Data corresponds to the period from 03-12-2023 to 06-08-2025. ,16,Madhya Pradesh,Bisahu Lal Singh.jpg
Choudhary Sujeet Mersingh,Info Not Available,Chourai,Male,Indian National Congress,Elected,Post Graduate,2023-12-03,In Office,,,55,63.55368996,,, Data corresponds to the period from 03-12-2023 to 06-08-2025. ,16,Madhya Pradesh,Choudhary Sujeet Mersingh.jpg
Kailash Kushwah,Info Not Available,Pohari,Male,Indian National Congress,Elected,Inter/ Higher Secondary,2023-12-03,In Office,,,151,63.55368996,,, Data corresponds to the period from 03-12-2023 to 06-08-2025. ,16,Madhya Pradesh,Kailash Kushwah.jpg
Mohan Singh Rathore,Info Not Available,Bhitarwar,Male,Bharatiya Janata Party,Elected,Inter/ Higher Secondary,2023-12-03,In Office,,,136,63.55368996,,, Data corresponds to the period from 03-12-2023 to 06-08-2025. ,16,Madhya Pradesh,Mohan Singh Rathore.jpg
Jayant Malaiya,Info Not Available,Damoh,Male,Bharatiya Janata Party,Elected,Graduate,2023-12-03,In Office,,,7,63.55368996,,, Data corresponds to the period from 03-12-2023 to 06-08-2025. ,16,Madhya Pradesh,Jayant Malaiya.jpg
Kanchan Mukesh Tanve,Info Not Available,Khandwa,Female,Bharatiya Janata Party,Elected,Inter/ Higher Secondary,2023-12-03,In Office,,,15,63.55368996,,, Data corresponds to the period from 03-12-2023 to 06-08-2025. ,16,Madhya Pradesh,Kanchan Mukesh Tanve.jpg
Surya Prakash Meena,Info Not Available,Shamshabad,Male,Bharatiya Janata Party,Elected,Graduate,2023-12-03,In Office,,,11,63.55368996,,, Data corresponds to the period from 03-12-2023 to 06-08-2025. ,16,Madhya Pradesh,Surya Prakash Meena.jpg
"Ambrish Sharma ""Guddu""",Info Not Available,Lahar,Male,Bharatiya Janata Party,Elected,Graduate,2023-12-03,In Office,,,26,63.55368996,,, Data corresponds to the period from 03-12-2023 to 06-08-2025. ,16,Madhya Pradesh,"Ambrish Sharma ""Guddu"".jpg"
Murli Bhawara,Info Not Available,Bagali,Male,Bharatiya Janata Party,Elected,Post Graduate,2023-12-03,In Office,,,10,63.55368996,,, Data corresponds to the period from 03-12-2023 to 06-08-2025. ,16,Madhya Pradesh,Murli Bhawara.jpg
Mahendra Singh Keshar Singh Chouhan,Info Not Available,Bhainsdehi,Male,Bharatiya Janata Party,Elected,Inter/ Higher Secondary,2023-12-03,In Office,,,26,63.55368996,,, Data corresponds to the period from 03-12-2023 to 06-08-2025. ,16,Madhya Pradesh,Mahendra Singh Keshar Singh Chouhan.jpg
Gaurav Singh Pardhi,Info Not Available,Katangi,Male,Bharatiya Janata Party,Elected,Post Graduate,2023-12-03,In Office,,,7,63.55368996,,, Data corresponds to the period from 03-12-2023 to 06-08-2025. ,16,Madhya Pradesh,Gaurav Singh Pardhi.jpg
Rajkumar Mev,Info Not Available,Maheshwar,Male,Bharatiya Janata Party,Elected,Inter/ Higher Secondary,2023-12-03,In Office,,,6,63.55368996,,, Data corresponds to the period from 03-12-2023 to 06-08-2025. ,16,Madhya Pradesh,Rajkumar Mev.jpg
Bablu Rajesh Shukla,Info Not Available,Bijawar,Male,Bharatiya Janata Party,Elected,Inter/ Higher Secondary,2023-12-03,In Office,,,90,63.55368996,,, Data corresponds to the period from 03-12-2023 to 06-08-2025. ,16,Madhya Pradesh,Bablu Rajesh Shukla.jpg
Ganga Sajjan Singh Uikey,Info Not Available,Ghoradongri,Female,Bharatiya Janata Party,Elected,Graduate,2023-12-03,In Office,,,27,63.55368996,,, Data corresponds to the period from 03-12-2023 to 06-08-2025. ,16,Madhya Pradesh,Ganga Sajjan Singh Uikey.jpg
Vishwamitra Pathak,Info Not Available,Sihawal,Male,Bharatiya Janata Party,Elected,Inter/ Higher Secondary,2023-12-03,In Office,,,26,63.55368996,,, Data corresponds to the period from 03-12-2023 to 06-08-2025. ,16,Madhya Pradesh,Vishwamitra Pathak.jpg
Rajneesh Harvansh Singh,Info Not Available,Keolari,Male,Indian National Congress,Elected,Inter/ Higher Secondary,2023-12-03,In Office,,,141,63.55368996,,, Data corresponds to the period from 03-12-2023 to 06-08-2025. ,16,Madhya Pradesh,Rajneesh Harvansh Singh.jpg
Mahendra Nagesh,Info Not Available,Gotegaon,Male,Bharatiya Janata Party,Elected,Inter/ Higher Secondary,2023-12-03,In Office,,,33,63.55368996,,, Data corresponds to the period from 03-12-2023 to 06-08-2025. ,16,Madhya Pradesh,Mahendra Nagesh.jpg
Bhagwandas Sabnani,Info Not Available,Bhopal Dakshin-Paschim,Male,Bharatiya Janata Party,Elected,Inter/ Higher Secondary,2023-12-03,In Office,,,33,63.55368996,,, Data corresponds to the period from 03-12-2023 to 06-08-2025. ,16,Madhya Pradesh,Bhagwandas Sabnani.jpg
Babu Jandel,Info Not Available,Sheopur,Male,Indian National Congress,Elected,Inter/ Higher Secondary,2023-12-03,In Office,,,78,63.55368996,,, Data corresponds to the period from 03-12-2023 to 06-08-2025. ,16,Madhya Pradesh,Babu Jandel.jpg
Shivraj Singh Chouhan,66,Budhni,Male,Bharatiya Janata Party,Elected,Post Graduate,2023-12-03,2024-06-03,,,0,7.126903553,,, Data corresponds to the period from 03-12-2023 to 06-08-2025. ,16,Madhya Pradesh,Shivraj Singh Chouhan.jpg
Nagendra Singh,82,Nagod,Male,Bharatiya Janata Party,Elected,Graduate,2023-12-03,In Office,,,0,63.55368996,,, Data corresponds to the period from 03-12-2023 to 06-08-2025. ,16,Madhya Pradesh,Nagendra Singh.jpg
Kamlesh Pratap Shah,53,Amarwara,Male,Indian National Congress,Elected,Inter/ Higher Secondary,2023-12-03,In Office,,,0,63.55368996,,, Data corresponds to the period from 03-12-2023 to 06-08-2025. ,16,Madhya Pradesh,Kamlesh Pratap Shah.jpg
Kamal Nath,79,Chhindwara,Male,Indian National Congress,Elected,Graduate,2023-12-03,In Office,,,0,63.55368996,,, Data corresponds to the period from 03-12-2023 to 06-08-2025. ,16,Madhya Pradesh,Kamal Nath.jpg
Jaisingh Maravi,73,Jaitpur,Male,Bharatiya Janata Party,Elected,Inter/ Higher Secondary,2023-12-03,In Office,,,0,63.55368996,,, Data corresponds to the period from 03-12-2023 to 06-08-2025. ,16,Madhya Pradesh,Jaisingh Maravi.jpg
Ramesh Mendola,65,Indore-2,Male,Bharatiya Janata Party,Elected,Post Graduate,2023-12-03,In Office,,,0,63.55368996,,, Data corresponds to the period from 03-12-2023 to 06-08-2025. ,16,Madhya Pradesh,Ramesh Mendola.jpg
Meena Singh,54,Manpur,Female,Bharatiya Janata Party,Elected,Post Graduate,2023-12-03,In Office,,,0,63.55368996,,, Data corresponds to the period from 03-12-2023 to 06-08-2025. ,16,Madhya Pradesh,Meena Singh.jpg
Usha Babu Singh Thakur,Info Not Available,Dr.Ambedkar Nagar -Mhow,Female,Bharatiya Janata Party,Elected,Post Graduate,2023-12-03,In Office,,,0,63.55368996,,, Data corresponds to the period from 03-12-2023 to 06-08-2025. ,16,Madhya Pradesh,Usha Babu Singh Thakur.jpg
Balkrishn Patidar,Info Not Available,Khargone,Male,Bharatiya Janata Party,Elected,Inter/ Higher Secondary,2023-12-03,In Office,,,0,63.55368996,,, Data corresponds to the period from 03-12-2023 to 06-08-2025. ,16,Madhya Pradesh,Balkrishn Patidar.jpg
Kamal Marskole,Info Not Available,Barghat,Male,Bharatiya Janata Party,Elected,Graduate,2023-12-03,In Office,,,0,63.55368996,,, Data corresponds to the period from 03-12-2023 to 06-08-2025. ,16,Madhya Pradesh,Kamal Marskole.jpg
"Harisingh Raghuwanshi ""Badda""",Info Not Available,Basoda,Male,Bharatiya Janata Party,Elected,Graduate,2023-12-03,In Office,,,0,63.55368996,,, Data corresponds to the period from 03-12-2023 to 06-08-2025. ,16,Madhya Pradesh,"Harisingh Raghuwanshi ""Badda"".jpg"
Malini Laxmansingh Gaur,Info Not Available,Indore-4,Female,Bharatiya Janata Party,Elected,Graduate,2023-12-03,In Office,,,0,63.55368996,,, Data corresponds to the period from 03-12-2023 to 06-08-2025. ,16,Madhya Pradesh,Malini Laxmansingh Gaur.jpg
Omprakash Sakhlecha,Info Not Available,Jawad,Male,Bharatiya Janata Party,Elected,Graduate,2023-12-03,In Office,,,0,63.55368996,,, Data corresponds to the period from 03-12-2023 to 06-08-2025. ,16,Madhya Pradesh,Omprakash Sakhlecha.jpg
Sarla Vijendra Rawat,Info Not Available,Sabalagadh,Female,Bharatiya Janata Party,Elected,Inter/ Higher Secondary,2023-12-03,In Office,,,0,63.55368996,,, Data corresponds to the period from 03-12-2023 to 06-08-2025. ,16,Madhya Pradesh,Sarla Vijendra Rawat.jpg
Madhu Verma,Info Not Available,Rau,Male,Bharatiya Janata Party,Elected,Inter/ Higher Secondary,2023-12-03,In Office,,,0,63.55368996,,, Data corresponds to the period from 03-12-2023 to 06-08-2025. ,16,Madhya Pradesh,Madhu Verma.jpg
Jitendra Uday Singh Pandya,Info Not Available,Badnagar,Male,Bharatiya Janata Party,Elected,Inter/ Higher Secondary,2023-12-03,In Office,,,0,63.55368996,,, Data corresponds to the period from 03-12-2023 to 06-08-2025. ,16,Madhya Pradesh,Jitendra Uday Singh Pandya.jpg
